1,Sarah,Freeman,sfreeman0@unblog.fr,30-(866)780-4887,sfreeman0
2,Theresa,Gonzalez,tgonzalez1@ask.com,62-(637)817-1161,tgonzalez1
3,Kenneth,Wood,kwood2@fotki.com,212-(137)295-5553,kwood2
4,Anne,Hall,ahall3@reference.com,62-(982)252-0826,ahall3
5,Maria,Bailey,mbailey4@geocities.jp,228-(635)579-2382,mbailey4
6,Scott,Stone,sstone5@cnbc.com,389-(484)101-8240,sstone5
7,Carl,Johnston,cjohnston6@state.gov,225-(534)539-6800,cjohnston6
8,Shirley,Hawkins,shawkins7@sciencedaily.com,54-(669)188-2818,shawkins7
9,Marie,Snyder,msnyder8@washingtonpost.com,234-(307)536-5038,msnyder8
10,Justin,Rice,jrice9@huffingtonpost.com,48-(872)979-2904,jrice9
11,Carlos,Parker,cparkera@youtu.be,86-(416)277-6871,cparkera
12,Melissa,Thompson,mthompsonb@163.com,33-(890)782-2403,mthompsonb
13,Sarah,Bennett,sbennettc@mail.ru,252-(962)817-1017,sbennettc
14,Jonathan,Howard,jhowardd@networkadvertising.org,86-(685)187-4115,jhowardd
15,Louis,Griffin,lgriffine@flickr.com,381-(395)873-4905,lgriffine
16,Bobby,Gutierrez,bgutierrezf@howstuffworks.com,86-(639)625-1614,bgutierrezf
17,Janet,Nelson,jnelsong@quantcast.com,46-(122)764-1288,jnelsong
18,Annie,Garrett,agarretth@com.com,86-(603)296-9074,agarretth
19,Gary,Hayes,ghayesi@networkadvertising.org,55-(220)659-2327,ghayesi
20,Joan,Perez,jperezj@desdev.cn,62-(382)349-7705,jperezj
21,Juan,Burke,jburkek@cbslocal.com,62-(458)583-8051,jburkek
22,Phillip,Kennedy,pkennedyl@dailymail.co.uk,375-(273)917-1626,pkennedyl
23,Paul,Hall,phallm@aboutads.info,54-(916)701-5390,phallm
24,Elizabeth,Jordan,ejordann@auda.org.au,381-(431)905-3961,ejordann
25,Wanda,Brown,wbrowno@dailymail.co.uk,51-(697)290-3557,wbrowno
26,Donald,Riley,drileyp@npr.org,48-(731)390-0213,drileyp
27,Evelyn,Sims,esimsq@hao123.com,62-(341)657-3176,esimsq
28,Denise,Flores,dfloresr@imgur.com,55-(537)620-8472,dfloresr
29,Phillip,Allen,pallens@adobe.com,33-(960)580-3734,pallens
30,Antonio,Rogers,arogerst@quantcast.com,62-(202)492-0926,arogerst
31,Janice,Bowman,jbowmanu@wunderground.com,86-(586)897-3394,jbowmanu
32,Arthur,Hall,ahallv@nytimes.com,7-(211)271-4219,ahallv
33,Michelle,Walker,mwalkerw@un.org,7-(345)881-6473,mwalkerw
34,Laura,Jacobs,ljacobsx@walmart.com,62-(773)114-6272,ljacobsx
35,Donald,Gordon,dgordony@google.ru,1-(845)335-9595,dgordony
36,Kathleen,Jackson,kjacksonz@shareasale.com,66-(533)459-3148,kjacksonz
37,Dorothy,Burton,dburton10@odnoklassniki.ru,7-(700)787-4732,dburton10
38,Ann,Bennett,abennett11@usatoday.com,86-(762)966-1076,abennett11
39,Bonnie,Ray,bray12@examiner.com,86-(865)403-3593,bray12
40,Douglas,Mitchell,dmitchell13@yellowbook.com,48-(945)794-6348,dmitchell13
41,Rose,Schmidt,rschmidt14@gravatar.com,234-(194)759-8149,rschmidt14
42,Adam,Russell,arussell15@tamu.edu,62-(808)573-5141,arussell15
43,Howard,Lee,hlee16@rambler.ru,7-(112)259-0520,hlee16
44,Frances,Chavez,fchavez17@kickstarter.com,48-(794)307-2057,fchavez17
45,Bobby,Brooks,bbrooks18@spiegel.de,62-(282)986-4113,bbrooks18
46,Nicole,Frazier,nfrazier19@discuz.net,351-(345)221-8295,nfrazier19
47,Harry,Henry,hhenry1a@guardian.co.uk,62-(111)268-1876,hhenry1a
48,Paul,Roberts,proberts1b@pcworld.com,960-(666)253-3687,proberts1b
49,Jeffrey,Cox,jcox1c@mac.com,86-(826)756-1439,jcox1c
50,Teresa,Roberts,troberts1d@ocn.ne.jp,86-(547)740-8066,troberts1d
51,Donna,Ward,dward1e@yolasite.com,48-(506)438-0120,dward1e
52,Bruce,Stone,bstone1f@cnbc.com,57-(205)321-3715,bstone1f
53,Christopher,Allen,callen1g@archive.org,86-(930)183-0171,callen1g
54,Nicholas,Porter,nporter1h@instagram.com,255-(236)141-6908,nporter1h
55,Barbara,Reid,breid1i@acquirethisname.com,503-(909)439-4985,breid1i
56,Arthur,Brooks,abrooks1j@walmart.com,62-(360)548-5766,abrooks1j
57,Eric,Austin,eaustin1k@nbcnews.com,46-(143)284-2282,eaustin1k
58,Tammy,Davis,tdavis1l@mysql.com,7-(264)716-7883,tdavis1l
59,Dorothy,Patterson,dpatterson1m@dot.gov,93-(693)345-9241,dpatterson1m
60,Bruce,Nguyen,bnguyen1n@sbwire.com,86-(238)302-6036,bnguyen1n
61,Jessica,Rice,jrice1o@netscape.com,507-(435)697-8696,jrice1o
62,Thomas,Peters,tpeters1p@va.gov,420-(986)279-2713,tpeters1p
63,Randy,Foster,rfoster1q@instagram.com,48-(221)100-2061,rfoster1q
64,Deborah,Morales,dmorales1r@sohu.com,86-(248)930-7323,dmorales1r
65,Craig,Dean,cdean1s@shop-pro.jp,84-(318)280-7948,cdean1s
66,Larry,Meyer,lmeyer1t@imageshack.us,234-(694)906-3246,lmeyer1t
67,Juan,Hanson,jhanson1u@slideshare.net,7-(157)922-0531,jhanson1u
68,Rebecca,Perkins,rperkins1v@tinyurl.com,62-(291)190-5099,rperkins1v
69,Roy,Evans,revans1w@google.nl,63-(146)638-8271,revans1w
70,Nancy,Griffin,ngriffin1x@acquirethisname.com,46-(836)992-6375,ngriffin1x
71,Peter,Warren,pwarren1y@freewebs.com,212-(988)331-4948,pwarren1y
72,Doris,Alexander,dalexander1z@columbia.edu,598-(565)623-7234,dalexander1z
73,Karen,Ramirez,kramirez20@delicious.com,351-(908)134-5038,kramirez20
74,Gerald,Owens,gowens21@t.co,1-(304)548-3923,gowens21
75,Frances,Pierce,fpierce22@umn.edu,86-(550)630-8118,fpierce22
76,Marie,Vasquez,mvasquez23@oracle.com,62-(905)355-5143,mvasquez23
77,Jonathan,Watson,jwatson24@meetup.com,62-(621)870-1844,jwatson24
78,Shawn,Harrison,sharrison25@mapquest.com,86-(193)326-5357,sharrison25
79,Carlos,Foster,cfoster26@oakley.com,62-(214)487-8286,cfoster26
80,Eugene,Harper,eharper27@elpais.com,51-(557)195-7870,eharper27
81,Jacqueline,Stanley,jstanley28@tumblr.com,998-(906)165-9557,jstanley28
82,Karen,Snyder,ksnyder29@about.me,420-(625)956-5379,ksnyder29
83,Ryan,Brown,rbrown2a@auda.org.au,593-(763)175-1184,rbrown2a
84,Lawrence,Coleman,lcoleman2b@parallels.com,48-(774)582-1911,lcoleman2b
85,Howard,Gibson,hgibson2c@shinystat.com,55-(392)529-9709,hgibson2c
86,Theresa,Schmidt,tschmidt2d@newsvine.com,48-(803)653-2549,tschmidt2d
87,Rachel,Gardner,rgardner2e@patch.com,7-(967)740-3268,rgardner2e
88,Ernest,Grant,egrant2f@tinypic.com,86-(803)600-0063,egrant2f
89,Doris,Griffin,dgriffin2g@samsung.com,86-(860)387-3281,dgriffin2g
90,Keith,Barnes,kbarnes2h@patch.com,1-(707)865-5107,kbarnes2h
91,Anne,White,awhite2i@example.com,376-(512)389-5922,awhite2i
92,Diana,Snyder,dsnyder2j@google.com.hk,502-(413)584-8456,dsnyder2j
93,Emily,Meyer,emeyer2k@symantec.com,52-(524)196-4612,emeyer2k
94,Philip,Duncan,pduncan2l@domainmarket.com,86-(255)946-8623,pduncan2l
95,Patrick,Schmidt,pschmidt2m@cnbc.com,63-(809)702-7547,pschmidt2m
96,Bruce,Fernandez,bfernandez2n@parallels.com,1-(704)970-2348,bfernandez2n
97,Nicholas,Martin,nmartin2o@icq.com,237-(659)905-0061,nmartin2o
98,Judith,Gutierrez,jgutierrez2p@about.com,1-(571)199-4698,jgutierrez2p
99,Mark,Bryant,mbryant2q@w3.org,256-(279)316-9251,mbryant2q
100,Shawn,Cunningham,scunningham2r@discuz.net,48-(504)517-2347,scunningham2r
101,Diane,Martinez,dmartinez2s@desdev.cn,48-(634)204-9515,dmartinez2s
102,Lawrence,Patterson,lpatterson2t@sina.com.cn,51-(352)502-6083,lpatterson2t
103,Ruth,Wallace,rwallace2u@economist.com,48-(692)602-7586,rwallace2u
104,Ann,Lee,alee2v@mysql.com,255-(135)148-5746,alee2v
105,Terry,Alvarez,talvarez2w@simplemachines.org,1-(801)191-4928,talvarez2w
106,Sarah,Nichols,snichols2x@dion.ne.jp,62-(162)396-1724,snichols2x
107,Ruby,Boyd,rboyd2y@sourceforge.net,7-(544)413-4176,rboyd2y
108,Kenneth,Reyes,kreyes2z@csmonitor.com,7-(298)894-6769,kreyes2z
109,Dennis,Nguyen,dnguyen30@arizona.edu,48-(523)284-0332,dnguyen30
110,Ronald,Jordan,rjordan31@ihg.com,86-(196)332-9425,rjordan31
111,Amanda,Phillips,aphillips32@studiopress.com,255-(827)481-7228,aphillips32
112,Jean,Freeman,jfreeman33@canalblog.com,86-(452)859-3970,jfreeman33
113,Christine,West,cwest34@slate.com,55-(443)638-5540,cwest34
114,Mark,Matthews,mmatthews35@answers.com,51-(753)527-6178,mmatthews35
115,Marie,Henderson,mhenderson36@mashable.com,86-(275)559-0523,mhenderson36
116,Sandra,Burns,sburns37@google.co.uk,255-(500)804-3133,sburns37
117,Martha,Gilbert,mgilbert38@unc.edu,86-(293)476-3041,mgilbert38
118,Terry,Burke,tburke39@paypal.com,358-(173)307-5099,tburke39
119,Phillip,Weaver,pweaver3a@youtube.com,420-(922)714-9242,pweaver3a
120,Ernest,Shaw,eshaw3b@addthis.com,1-(539)548-3711,eshaw3b
121,Theresa,Freeman,tfreeman3c@miibeian.gov.cn,33-(601)735-3690,tfreeman3c
122,Ann,Stanley,astanley3d@kickstarter.com,63-(757)129-3815,astanley3d
123,Kevin,Matthews,kmatthews3e@g.co,55-(313)912-9627,kmatthews3e
124,Denise,Stanley,dstanley3f@unicef.org,86-(574)625-6935,dstanley3f
125,Joe,Wilson,jwilson3g@google.co.jp,256-(472)725-8351,jwilson3g
126,Edward,Boyd,eboyd3h@w3.org,48-(969)138-0506,eboyd3h
127,Irene,Davis,idavis3i@google.com.au,420-(162)503-4694,idavis3i
128,Kevin,Daniels,kdaniels3j@xinhuanet.com,995-(912)774-4147,kdaniels3j
129,Juan,Vasquez,jvasquez3k@google.de,7-(839)777-4645,jvasquez3k
130,Patricia,George,pgeorge3l@wikimedia.org,420-(408)311-4460,pgeorge3l
131,Jeffrey,Fields,jfields3m@google.de,86-(158)732-3410,jfields3m
132,Sandra,Riley,sriley3n@hugedomains.com,62-(190)447-1553,sriley3n
133,Paul,Wright,pwright3o@sitemeter.com,7-(796)574-2162,pwright3o
134,Marilyn,Coleman,mcoleman3p@nymag.com,86-(727)327-8705,mcoleman3p
135,Ralph,Phillips,rphillips3q@amazonaws.com,86-(321)148-7773,rphillips3q
136,Laura,Freeman,lfreeman3r@e-recht24.de,30-(615)373-6480,lfreeman3r
137,Steven,Gardner,sgardner3s@twitter.com,62-(808)292-7211,sgardner3s
138,Maria,Oliver,moliver3t@nba.com,62-(336)165-8052,moliver3t
139,Paul,Burton,pburton3u@moonfruit.com,86-(305)734-0293,pburton3u
140,Deborah,Morris,dmorris3v@ameblo.jp,86-(914)169-5712,dmorris3v
141,Phyllis,Williams,pwilliams3w@jiathis.com,48-(107)267-6751,pwilliams3w
142,Brenda,Marshall,bmarshall3x@latimes.com,63-(722)332-1392,bmarshall3x
143,Michael,Ford,mford3y@about.com,86-(767)573-5696,mford3y
144,Martin,Hicks,mhicks3z@eepurl.com,1-(360)314-6673,mhicks3z
145,Theresa,Turner,tturner40@redcross.org,86-(332)296-1681,tturner40
146,Kelly,Russell,krussell41@gnu.org,504-(526)159-3034,krussell41
147,Shirley,Taylor,staylor42@google.com.au,86-(988)940-2655,staylor42
148,Steve,Garrett,sgarrett43@buzzfeed.com,62-(816)483-0839,sgarrett43
149,Margaret,Robertson,mrobertson44@sogou.com,62-(820)409-5025,mrobertson44
150,Timothy,Gonzales,tgonzales45@ucsd.edu,373-(996)311-2586,tgonzales45
151,Aaron,Rodriguez,arodriguez46@japanpost.jp,46-(399)447-0250,arodriguez46
152,Ruby,Dean,rdean47@howstuffworks.com,420-(324)948-0895,rdean47
153,Joan,Parker,jparker48@indiatimes.com,31-(913)511-3511,jparker48
154,Howard,Watkins,hwatkins49@theglobeandmail.com,7-(762)395-2784,hwatkins49
155,Howard,Hunter,hhunter4a@163.com,1-(423)834-1377,hhunter4a
156,Paula,Burns,pburns4b@addthis.com,58-(865)415-0476,pburns4b
157,Phyllis,Stephens,pstephens4c@angelfire.com,48-(883)754-7884,pstephens4c
158,Gerald,Allen,gallen4d@homestead.com,86-(127)179-1889,gallen4d
159,Kimberly,Perez,kperez4e@va.gov,63-(281)907-2752,kperez4e
160,Carolyn,Ward,cward4f@github.io,7-(768)335-6248,cward4f
161,Gregory,Marshall,gmarshall4g@microsoft.com,62-(641)744-1836,gmarshall4g
162,Kevin,Hawkins,khawkins4h@amazonaws.com,237-(107)818-5286,khawkins4h
163,Ruby,Brooks,rbrooks4i@mlb.com,691-(661)589-4487,rbrooks4i
164,Carlos,Ferguson,cferguson4j@irs.gov,387-(308)696-4120,cferguson4j
165,Stephanie,Richards,srichards4k@simplemachines.org,1-(456)707-8802,srichards4k
166,Craig,Kim,ckim4l@google.de,7-(589)231-9505,ckim4l
167,Cheryl,Armstrong,carmstrong4m@time.com,55-(608)933-3489,carmstrong4m
168,Andrea,Fields,afields4n@sciencedaily.com,49-(531)822-2907,afields4n
169,Cheryl,Duncan,cduncan4o@unicef.org,63-(431)379-3341,cduncan4o
170,Kevin,Castillo,kcastillo4p@addthis.com,46-(165)480-4359,kcastillo4p
171,Susan,Ellis,sellis4q@google.com.hk,420-(815)461-2031,sellis4q
172,Douglas,Coleman,dcoleman4r@indiegogo.com,86-(657)572-6405,dcoleman4r
173,Jose,Baker,jbaker4s@princeton.edu,255-(406)788-6438,jbaker4s
174,Theresa,Black,tblack4t@house.gov,351-(781)459-4826,tblack4t
175,Christina,Martin,cmartin4u@chicagotribune.com,372-(557)155-3609,cmartin4u
176,Robin,Stephens,rstephens4v@yahoo.co.jp,63-(491)807-3125,rstephens4v
177,Alice,Rodriguez,arodriguez4w@imageshack.us,57-(146)167-3297,arodriguez4w
178,Larry,Mendoza,lmendoza4x@prlog.org,963-(118)317-9522,lmendoza4x
179,Billy,Johnson,bjohnson4y@cloudflare.com,48-(792)780-2924,bjohnson4y
180,Albert,Mitchell,amitchell4z@joomla.org,55-(196)823-8332,amitchell4z
181,Sean,Elliott,selliott50@nytimes.com,7-(255)551-2945,selliott50
182,Michael,Walker,mwalker51@feedburner.com,86-(142)439-0208,mwalker51
183,Benjamin,Howard,bhoward52@bbc.co.uk,86-(298)597-7755,bhoward52
184,Sharon,Mendoza,smendoza53@yolasite.com,86-(669)393-9318,smendoza53
185,Wayne,Powell,wpowell54@bizjournals.com,54-(889)950-6642,wpowell54
186,Janice,Payne,jpayne55@ucsd.edu,66-(352)184-0829,jpayne55
187,Judith,Murphy,jmurphy56@shareasale.com,7-(532)953-0515,jmurphy56
188,Barbara,Carroll,bcarroll57@wordpress.org,55-(392)278-3671,bcarroll57
189,Theresa,Cunningham,tcunningham58@businessinsider.com,46-(159)950-2590,tcunningham58
190,Paul,Burke,pburke59@fotki.com,86-(991)232-0394,pburke59
191,Sharon,Gomez,sgomez5a@shop-pro.jp,81-(442)880-3697,sgomez5a
192,Sandra,Wood,swood5b@nifty.com,57-(100)848-4835,swood5b
193,Philip,Palmer,ppalmer5c@pinterest.com,86-(442)208-4504,ppalmer5c
194,Ann,Ramirez,aramirez5d@dropbox.com,54-(345)251-4657,aramirez5d
195,Andrea,Pierce,apierce5e@state.tx.us,46-(680)735-1442,apierce5e
196,Lori,James,ljames5f@geocities.com,62-(315)132-2402,ljames5f
197,Betty,Meyer,bmeyer5g@wikimedia.org,260-(789)710-4624,bmeyer5g
198,Diana,Franklin,dfranklin5h@mapy.cz,86-(609)290-3193,dfranklin5h
199,Rose,Brown,rbrown5i@spiegel.de,64-(640)561-5787,rbrown5i
200,Joan,Wright,jwright5j@yandex.ru,54-(485)479-1541,jwright5j
